analysis_date,current_day_idr_midpoint,high_20_level,high_50_level,high_80_level,low_20_level,low_50_level,low_80_level
2023-03-30,,,,,,,
2023-03-31,195.45,195.91,199.07,203.20,188.40,191.87,195.74
2023-04-03,198.90,201.26,203.72,208.80,192.20,198.67,200.95
2023-04-04,199.38,196.75,199.60,204.58,185.66,191.43,194.50
2023-04-05,195.83,193.26,196.05,200.94,182.36,188.02,191.05
2023-04-06,188.49,182.97,186.23,189.07,174.17,178.78,182.26
2023-04-10,182.44,183.24,184.23,185.23,177.05,177.77,178.15
2023-04-11,177.75,183.92,187.87,191.92,177.39,180.11,183.71
2023-04-12,187.05,187.24,188.65,193.62,175.93,183.35,186.38
2023-04-13,188.57,183.21,186.50,191.08,176.91,180.23,183.33
2023-04-14,183.66,184.89,189.83,194.19,176.58,180.07,185.07
2023-04-17,184.12,187.33,190.29,194.43,181.34,183.90,187.36
2023-04-18,187.09,187.53,190.55,194.50,180.34,183.66,187.37
2023-04-19,185.58,180.14,183.35,186.15,171.48,176.02,179.45
2023-04-20,179.89,174.78,177.92,182.28,168.77,171.94,174.89
2023-04-21,167.90,162.98,165.88,168.41,155.14,159.25,162.35
2023-04-24,162.91,163.94,165.75,171.86,157.83,158.93,163.30
2023-04-25,163.47,161.32,163.66,167.74,152.23,156.95,159.48
2023-04-26,160.67,161.68,163.47,169.50,155.66,156.75,161.05
2023-04-27,156.40,156.41,158.32,159.98,151.28,153.11,154.44
2023-04-28,154.63,159.51,162.11,169.40,153.79,156.25,161.37
2023-05-01,160.06,165.61,169.16,172.82,159.73,162.18,165.42
2023-05-02,161.84,161.85,163.83,165.55,156.55,158.44,159.81
2023-05-03,163.94,161.79,164.13,168.22,152.67,157.41,159.93
2023-05-04,163.19,162.90,164.48,167.96,156.51,159.92,161.92
2023-05-05,161.08,162.16,166.49,170.32,154.87,157.93,162.32
2023-05-08,165.88,171.63,175.31,179.10,165.54,168.08,171.44
2023-05-09,171.10,,,,,,
2023-05-10,168.67,175.32,176.66,177.99,166.98,167.42,167.86
2023-05-11,173.13,168.22,171.23,175.44,162.43,165.48,168.32
2023-05-12,168.25,174.09,177.83,181.66,167.91,170.48,173.89
2023-05-15,174.58,169.47,172.49,175.12,161.32,165.59,168.81
2023-05-16,167.42,167.12,168.74,172.31,160.56,164.06,166.11
2023-05-17,166.15,171.39,174.18,182.02,165.25,167.88,173.39
2023-05-18,169.81,175.70,179.47,183.35,169.46,172.06,175.50
2023-05-19,173.85,176.88,179.67,183.58,171.22,173.63,176.90
2023-05-22,179.72,180.86,182.86,189.60,174.12,175.34,180.15
2023-05-23,183.84,,,,,,
2023-05-24,189.81,184.25,187.53,190.40,175.39,180.04,183.54
2023-05-25,180.71,186.99,191.00,195.12,180.35,183.11,186.77
2023-05-26,183.16,187.12,188.37,189.27,180.65,181.80,183.49
2023-05-30,188.66,195.20,199.39,203.70,188.27,191.16,194.98
2023-05-31,201.04,201.05,203.51,205.65,194.46,196.82,198.52
2023-06-01,199.19,202.65,205.85,210.33,196.18,198.94,202.68
2023-06-02,201.86,208.86,213.34,217.95,201.44,204.53,208.62
2023-06-05,212.41,219.78,224.50,229.35,211.98,215.23,219.53
2023-06-06,219.01,218.62,220.75,225.41,210.05,214.62,217.31
2023-06-07,214.21,221.64,226.40,231.29,213.77,217.05,221.39
2023-06-08,228.13,225.14,228.40,234.09,212.45,219.04,222.56
2023-06-09,226.94,234.10,237.91,248.61,225.70,229.31,236.82
2023-06-12,249.69,249.24,251.67,256.99,239.47,244.68,247.75
2023-06-13,247.94,252.26,256.24,261.82,244.20,247.64,252.30
2023-06-14,253.68,262.48,268.11,273.90,253.16,257.04,262.18
2023-06-15,258.26,250.70,255.16,259.06,238.64,244.96,249.73
2023-06-16,254.31,257.74,258.56,261.58,250.24,250.48,254.52
2023-06-20,260.35,260.62,262.58,269.50,244.87,255.21,259.43
2023-06-21,264.37,273.54,279.41,285.44,263.83,267.87,273.23
2023-06-22,272.19,264.22,268.93,273.03,251.51,258.17,263.20
2023-06-23,257.86,259.59,266.52,272.64,247.92,252.82,259.83
2023-06-26,257.88,254.50,258.18,264.62,240.15,247.61,251.58
2023-06-27,255.85,248.58,253.04,259.25,240.03,244.54,248.74
2023-06-28,244.85,253.35,258.79,264.38,244.36,248.10,253.06
2023-06-29,254.11,262.92,268.57,274.36,253.59,257.48,262.62
2023-06-30,257.44,,,,,,
2023-07-03,262.40,265.52,268.77,275.47,253.57,262.10,265.11
2023-07-05,281.12,276.46,283.03,288.01,260.91,268.72,274.76
2023-07-06,280.75,281.41,285.95,291.88,270.63,275.60,281.17
2023-07-07,275.78,276.42,280.89,286.71,265.84,270.72,276.20
2023-07-10,277.80,274.15,278.12,285.05,258.70,266.73,271.01
2023-07-11,272.00,,,,,,
2023-07-12,269.08,278.42,284.40,290.54,268.54,272.66,278.11
2023-07-13,274.17,273.67,276.34,282.18,262.94,268.67,272.03
2023-07-14,272.49,277.23,281.60,287.73,268.37,272.15,277.27
2023-07-17,279.13,288.82,295.02,301.38,278.56,282.83,288.49
2023-07-18,288.86,293.89,298.52,305.02,284.50,288.50,293.93
2023-07-19,287.71,297.69,304.08,310.64,287.12,291.52,297.35
2023-07-20,296.10,287.42,292.54,297.00,273.59,280.84,286.31
2023-07-21,276.46,268.37,273.14,277.31,255.46,262.22,267.33
2023-07-24,260.44,,,,,,
2023-07-25,259.06,263.57,267.72,273.55,255.14,258.73,263.61
2023-07-26,269.79,261.88,266.54,270.61,249.28,255.89,260.87
2023-07-27,264.74,267.88,271.16,277.91,255.82,264.42,267.46
2023-07-28,265.74,257.95,262.55,266.55,245.55,252.05,256.96
2023-07-31,261.27,270.34,276.14,282.11,260.74,264.74,270.04
2023-08-01,265.76,266.47,266.47,266.47,260.25,260.25,260.25
2023-08-02,263.11,259.65,263.41,269.98,245.02,252.62,256.68
2023-08-03,257.14,249.84,254.32,260.57,241.24,245.78,250.00
2023-08-04,255.05,259.49,263.58,269.32,251.20,254.73,259.53
2023-08-07,260.85,253.21,257.72,261.65,241.03,247.41,252.23
2023-08-08,248.91,248.46,250.88,256.18,238.72,243.92,246.97
2023-08-09,247.78,252.10,256.08,261.65,244.04,247.48,252.14
2023-08-10,247.20,240.18,244.49,250.49,231.92,236.28,240.33
2023-08-11,248.81,241.52,245.82,249.57,229.90,235.99,240.58
2023-08-14,240.45,236.46,242.09,246.34,223.17,229.84,235.01
2023-08-15,236.55,239.74,240.50,243.31,232.76,232.99,236.75
2023-08-16,237.28,230.33,234.43,238.01,219.25,225.06,229.44
2023-08-17,231.67,225.08,229.12,234.75,217.34,221.42,225.23
2023-08-18,223.09,216.56,220.41,223.78,206.14,211.60,215.72
2023-08-21,216.38,223.88,228.69,233.63,215.93,219.25,223.63
2023-08-22,225.71,233.54,238.56,243.71,225.25,228.71,233.28
2023-08-23,237.28,236.85,239.16,244.21,227.56,232.52,235.43
2023-08-24,232.22,236.27,239.99,245.22,228.72,231.94,236.30
2023-08-25,232.30,231.88,234.14,239.09,222.79,227.64,230.49
2023-08-28,234.66,242.06,245.99,257.06,233.38,237.10,244.87
2023-08-29,240.00,238.45,242.50,250.84,228.43,233.54,237.58
2023-08-30,244.50,252.99,258.42,264.00,244.01,247.75,252.70
2023-08-31,253.55,259.04,260.76,262.01,250.08,251.66,254.01
2023-09-01,257.32,257.59,259.53,266.37,242.03,252.25,256.41
2023-09-05,254.27,250.93,254.56,260.91,236.78,244.14,248.06
2023-09-06,250.94,259.65,265.23,270.95,250.43,254.28,259.36
2023-09-07,249.02,249.03,252.08,254.73,240.87,243.79,245.90
2023-09-08,246.11,250.40,254.34,259.88,242.39,245.81,250.43
2023-09-11,254.80,263.64,269.30,275.11,254.28,258.18,263.34
2023-09-12,263.40,272.54,278.39,284.40,262.86,266.90,272.23
2023-09-13,273.48,273.76,275.83,283.09,257.22,268.08,272.51
2023-09-14,271.67,272.31,276.70,282.44,261.87,266.69,272.08
2023-09-15,272.56,281.15,285.72,298.58,271.07,275.40,284.43
2023-09-18,274.33,276.17,283.55,290.06,263.76,268.97,276.43
2023-09-19,266.90,266.91,270.18,273.02,258.17,261.30,263.56
2023-09-20,264.87,265.49,269.77,275.37,255.32,260.01,265.27
2023-09-21,266.94,259.12,263.73,267.76,246.65,253.19,258.12
2023-09-22,256.47,258.09,260.95,270.57,248.48,250.22,257.09
2023-09-25,254.31,246.86,251.26,255.09,234.99,241.22,245.91
2023-09-26,241.34,244.21,247.19,253.35,233.21,241.06,243.82
2023-09-27,245.19,245.33,245.33,245.33,234.58,234.58,234.58
2023-09-28,243.45,236.32,240.53,244.20,224.95,230.91,235.40
2023-09-29,241.25,245.45,249.32,254.75,237.61,240.95,245.49
2023-10-02,252.31,251.86,254.32,259.69,241.98,247.26,250.35
2023-10-03,246.58,250.88,254.83,260.38,242.86,246.27,250.91
2023-10-04,248.38,245.12,248.67,254.87,231.30,238.49,242.32
2023-10-05,251.45,259.38,263.60,275.46,250.08,254.07,262.40
2023-10-06,260.44,253.04,257.58,263.90,244.33,248.92,253.20
2023-10-09,252.69,261.46,267.08,272.84,252.18,256.05,261.17
2023-10-10,255.04,258.07,261.22,267.73,246.44,254.74,257.66
2023-10-11,262.94,268.63,270.41,271.71,259.33,260.98,263.41
2023-10-12,266.06,258.26,262.86,266.87,245.84,252.35,257.26
2023-10-13,263.07,258.05,259.99,266.33,248.38,253.17,256.82
2023-10-16,256.92,249.39,253.83,257.71,237.40,243.69,248.43
2023-10-17,252.31,,,,,,
2023-10-18,249.45,258.11,263.65,269.34,248.95,252.77,257.82
2023-10-19,252.38,244.99,249.35,253.16,233.21,239.39,244.04
2023-10-20,225.50,,,,,,
2023-10-23,216.22,209.88,213.62,216.88,199.78,205.08,209.07
2023-10-24,206.50,213.67,218.25,222.96,206.08,209.24,213.42
2023-10-25,219.94,217.05,220.20,225.69,204.82,211.18,214.57
2023-10-26,216.85,210.50,214.25,217.52,200.38,205.69,209.69
2023-10-27,210.11,210.12,212.69,214.92,203.23,205.69,207.47
2023-10-30,209.77,209.39,211.43,215.90,201.18,205.56,208.14
2023-10-31,205.89,199.86,203.42,206.53,190.25,195.29,199.09
2023-11-01,197.81,204.68,209.07,213.59,197.41,200.44,204.45
2023-11-02,202.03,209.05,213.53,218.14,201.62,204.72,208.81
2023-11-03,214.13,224.30,225.07,225.84,215.43,216.55,217.66
2023-11-06,223.04,226.93,230.50,235.52,219.67,222.76,226.96
2023-11-07,222.35,215.84,219.68,223.03,205.45,210.90,215.00
2023-11-08,217.13,224.66,229.49,234.44,216.69,220.01,224.41
2023-11-09,219.76,219.77,222.46,224.80,212.57,215.15,217.01
2023-11-10,216.30,213.46,216.55,221.95,201.43,207.68,211.02
2023-11-13,210.25,217.55,222.22,227.02,209.83,213.05,217.30
2023-11-14,215.94,222.74,226.37,236.56,214.76,218.19,225.34
2023-11-15,233.44,241.53,246.72,252.05,232.96,236.53,241.26
2023-11-16,240.91,240.91,243.86,246.43,233.02,235.84,237.88
2023-11-17,238.34,235.20,238.61,244.56,221.95,228.84,232.51
2023-11-20,229.66,237.63,242.74,247.98,229.20,232.71,237.37
2023-11-21,233.44,236.21,239.10,245.06,225.58,233.17,235.84
2023-11-22,239.81,240.38,244.26,249.32,231.17,235.42,240.18
2023-11-24,237.75,233.80,239.36,243.57,220.66,227.26,232.37
2023-11-27,235.64,238.82,239.58,242.38,231.87,232.10,235.84
2023-11-28,233.59,236.37,239.26,245.22,225.73,233.32,236.00
2023-11-29,236.72,244.19,248.16,259.33,235.43,239.19,247.03
2023-11-30,251.00,246.21,248.06,254.11,236.98,241.55,245.04
2023-12-01,242.06,234.97,239.16,242.81,223.67,229.60,234.06
2023-12-04,234.26,237.04,239.94,245.92,226.37,233.99,236.67
2023-12-05,237.16,230.21,234.31,237.88,219.13,224.94,229.32
2023-12-06,239.65,239.65,242.59,245.14,231.80,234.61,236.64
2023-12-07,243.62,240.42,243.90,249.98,226.87,233.91,237.67
2023-12-08,239.25,243.42,247.25,252.64,235.64,238.95,243.45
2023-12-11,242.93,244.56,251.09,256.85,233.57,238.18,244.79
2023-12-12,241.05,240.62,242.96,248.09,231.18,236.22,239.17
2023-12-13,235.62,235.20,237.49,242.50,225.97,230.90,233.78
2023-12-14,234.69,238.78,242.54,247.82,231.15,234.40,238.81
2023-12-15,245.72,253.46,257.59,269.18,244.38,248.28,256.42
2023-12-18,251.17,255.55,259.57,265.22,247.38,250.86,255.58
2023-12-19,257.20,253.82,257.50,263.92,239.52,246.95,250.92
2023-12-20,255.80,256.40,260.54,265.94,246.58,251.11,256.19
2023-12-21,257.43,252.51,254.41,260.62,243.05,247.73,251.31
2023-12-22,251.31,256.74,258.45,259.69,247.86,249.44,251.76
2023-12-26,256.47,248.95,253.38,257.25,236.98,243.26,247.99
2023-12-27,254.93,262.96,267.24,279.27,253.54,257.59,266.03
2023-12-28,261.64,264.75,267.99,274.66,252.83,261.33,264.33
2023-12-29,262.24,254.55,259.08,263.04,242.31,248.73,253.57
2024-01-02,252.94,245.53,249.90,253.72,233.72,239.91,244.58
2024-01-03,248.05,247.61,250.02,255.30,237.89,243.08,246.12
2024-01-04,239.43,239.44,242.37,244.92,231.59,234.40,236.43
2024-01-05,239.85,232.83,236.97,240.59,221.63,227.50,231.92
2024-01-08,237.52,234.40,237.79,243.72,221.19,228.05,231.72
2024-01-09,237.48,241.61,245.42,250.76,233.89,237.18,241.65
2024-01-10,235.16,235.17,238.05,240.55,227.47,230.22,232.22
2024-01-11,232.66,235.42,238.30,244.24,224.82,232.39,235.05
2024-01-12,228.08,221.40,225.34,228.78,210.75,216.33,220.54
2024-01-16,223.23,220.30,223.49,229.06,207.88,214.34,217.78
2024-01-17,217.87,218.38,221.90,226.50,210.01,213.88,218.20
2024-01-18,213.88,221.30,226.05,230.93,213.44,216.72,221.05
2024-01-19,215.19,,,,,,
2024-01-22,211.10,214.78,218.16,222.91,207.91,210.84,214.81
2024-01-23,214.66,,,,,,
2024-01-24,213.09,213.10,215.71,217.98,206.12,208.62,210.42
2024-01-25,210.28,204.12,207.75,210.92,194.30,199.45,203.33
2024-01-26,187.84,185.37,188.05,192.74,174.92,180.35,183.25
2024-01-29,184.49,,,,,,
2024-01-30,185.37,191.80,195.91,200.14,184.99,187.83,191.58
2024-01-31,193.56,191.02,193.79,198.62,180.25,185.85,188.84
2024-02-01,189.22,190.05,191.07,192.11,183.63,184.37,184.77
2024-02-02,188.08,,,,,,
2024-02-05,184.69,185.12,188.11,192.01,178.03,181.30,184.97
2024-02-06,181.41,178.41,182.65,185.86,168.38,173.41,177.31
2024-02-07,183.03,189.38,193.45,197.62,182.66,185.46,189.17
2024-02-08,185.81,189.05,192.03,196.21,183.00,185.58,189.07
2024-02-09,187.59,194.10,198.27,202.55,187.21,190.08,193.88
2024-02-12,192.62,194.90,197.29,202.20,186.13,192.39,194.60
2024-02-13,193.41,187.74,191.09,194.00,178.71,183.45,187.02
2024-02-14,185.69,185.70,187.98,189.95,179.62,181.79,183.37
2024-02-15,185.29,191.72,195.84,200.07,184.92,187.75,191.51
2024-02-16,193.54,195.84,198.23,203.17,187.02,193.31,195.53
2024-02-20,200.36,194.49,197.95,200.97,185.13,190.04,193.73
2024-02-21,194.86,194.87,197.25,199.33,188.48,190.76,192.42
2024-02-22,197.42,197.06,198.98,203.18,189.33,193.46,195.88
2024-02-23,193.10,197.28,198.59,199.54,190.45,191.66,193.45
2024-02-26,195.19,192.62,195.41,200.28,181.76,187.41,190.42
2024-02-27,196.66,203.49,207.86,212.34,196.26,199.28,203.26
2024-02-28,203.53,197.57,201.08,204.15,188.06,193.05,196.80
2024-02-29,200.94,200.95,203.41,205.55,194.37,196.72,198.42
2024-03-01,202.61,199.25,203.99,207.57,188.05,193.67,198.03
2024-03-04,199.44,,,,,,
2024-03-05,194.20,190.50,191.93,196.61,183.36,186.89,189.59
2024-03-06,181.40,181.08,182.84,186.71,173.98,177.77,179.99
2024-03-07,176.49,176.50,178.66,180.53,170.71,172.78,174.28
2024-03-08,177.30,182.89,185.87,194.23,176.34,179.15,185.02
2024-03-11,179.32,176.97,179.53,184.01,166.99,172.18,174.94
2024-03-12,179.57,179.58,181.78,183.69,173.70,175.80,177.32
2024-03-13,173.94,176.97,179.75,183.67,171.31,173.72,176.99
2024-03-14,173.71,168.62,171.62,174.24,160.51,164.76,167.97
2024-03-15,168.19,163.42,166.35,170.43,157.79,160.76,163.52
2024-03-18,163.18,168.84,172.47,176.19,162.85,165.35,168.65
2024-03-19,168.79,171.73,174.44,178.23,166.24,168.58,171.76
2024-03-20,169.84,172.79,175.52,179.34,167.27,169.62,172.82
2024-03-21,172.63,175.64,178.41,182.29,170.02,172.42,175.66
2024-03-22,175.75,170.60,173.63,176.28,162.39,166.69,169.94
2024-03-25,168.28,167.98,169.61,173.20,161.39,164.91,166.97
2024-03-26,172.50,178.48,182.31,186.25,172.14,174.78,178.28
2024-03-27,180.98,180.99,183.20,185.13,175.06,177.18,178.71
2024-03-28,177.50,180.59,183.44,187.43,174.82,177.28,180.62
2024-04-01,177.62,177.63,179.81,181.70,171.81,173.89,175.40
2024-04-02,173.84,175.01,179.69,183.81,167.15,170.45,175.18
2024-04-03,165.19,164.89,166.50,170.01,158.42,161.87,163.90
2024-04-04,165.54,171.28,174.96,178.73,165.20,167.73,171.09
2024-04-05,169.33,171.35,173.44,177.76,163.63,169.14,171.08
2024-04-08,168.95,171.89,174.60,178.40,166.40,168.74,171.92
2024-04-09,171.49,179.63,180.25,180.87,172.53,173.42,174.32
2024-04-10,175.67,176.08,178.92,182.63,169.34,172.45,175.93
2024-04-11,172.56,169.69,173.73,176.78,160.15,164.94,168.65
2024-04-12,171.29,170.98,172.65,176.29,164.28,167.86,169.96
2024-04-15,172.64,169.78,173.82,176.87,160.24,165.03,168.74
2024-04-16,166.76,161.88,164.76,167.28,154.09,158.18,161.25
2024-04-17,155.77,,,,,,
2024-04-18,154.99,154.71,156.22,159.52,148.64,151.88,153.78
2024-04-19,150.49,147.62,148.73,152.36,142.08,144.82,146.91
2024-04-22,149.20,144.83,147.41,149.66,137.87,141.52,144.27
2024-04-23,141.53,141.54,143.27,144.77,136.90,138.56,139.75
2024-04-24,143.24,147.75,150.16,156.91,142.46,144.73,149.47
2024-04-25,163.13,163.51,166.15,169.59,157.25,160.14,163.38
2024-04-26,163.00,165.84,168.46,172.13,160.54,162.80,165.87
2024-04-29,168.71,174.56,178.31,182.16,168.37,170.95,174.37
2024-04-30,187.42,188.61,190.70,197.72,181.58,182.85,187.87
2024-05-01,188.44,182.92,186.18,189.02,174.12,178.74,182.22
2024-05-02,181.27,184.43,187.34,191.41,178.53,181.05,184.45
2024-05-03,179.73,,,,,,
2024-05-06,182.57,182.25,184.02,187.91,175.10,178.91,181.15
2024-05-07,185.84,182.76,187.11,190.40,172.49,177.65,181.64
2024-05-08,179.39,174.13,177.23,179.94,165.76,170.15,173.46
2024-05-09,172.87,172.56,174.24,177.92,165.79,169.40,171.52
2024-05-10,174.05,173.09,173.09,173.09,167.75,167.75,167.75
2024-05-13,170.82,169.72,172.60,178.53,162.58,166.22,169.09
2024-05-14,172.65,172.66,174.77,176.61,167.00,169.02,170.48
2024-05-15,176.00,178.09,180.27,184.76,170.07,175.79,177.81
2024-05-16,174.73,174.41,176.11,179.83,167.57,171.22,173.36
2024-05-17,172.99,178.99,182.83,186.78,172.64,175.29,178.79
2024-05-20,174.42,179.92,182.85,191.08,173.47,176.24,182.02
2024-05-21,174.80,171.90,175.99,179.08,162.24,167.09,170.84
2024-05-22,178.50,181.60,184.47,188.48,175.80,178.27,181.63
2024-05-23,181.82,182.01,183.38,188.21,171.01,178.23,181.18
2024-05-24,178.04,172.82,175.90,178.58,164.51,168.86,172.15
2024-05-28,176.45,179.52,182.35,186.32,173.79,176.23,179.55
2024-05-29,174.83,175.24,178.07,181.76,168.53,171.62,175.09
2024-05-30,176.44,176.62,177.95,182.64,165.95,172.96,175.81
2024-05-31,180.19,179.86,180.32,181.74,174.47,175.45,176.18
2024-06-03,178.73,179.93,184.73,188.97,171.84,175.24,180.10
2024-06-04,180.72,177.27,178.60,182.96,170.63,173.92,176.43
2024-06-05,175.34,175.75,178.59,182.29,169.02,172.13,175.61
2024-06-06,173.14,176.16,178.93,182.83,170.53,172.93,176.18
2024-06-07,174.52,177.56,180.36,184.28,171.88,174.30,177.59
2024-06-10,178.10,172.89,175.97,178.65,164.57,168.93,172.22
2024-06-11,177.28,173.90,175.20,179.48,167.38,170.61,173.07
2024-06-12,169.86,171.00,175.57,179.60,163.32,166.54,171.16
2024-06-13,172.99,178.45,181.35,189.51,172.05,174.80,180.52
2024-06-14,187.34,186.14,189.29,195.80,178.31,182.30,185.45
2024-06-17,181.11,178.10,182.34,185.54,168.09,173.12,177.01
2024-06-18,181.12,184.28,187.18,191.25,178.39,180.90,184.30
2024-06-20,184.29,185.10,186.09,187.10,178.85,179.57,179.96
2024-06-21,181.90,,,,,,
2024-06-24,182.26,183.49,188.39,192.72,175.24,178.71,183.66
2024-06-25,186.06,182.50,183.88,188.36,175.66,179.05,181.63
2024-06-26,184.59,185.76,187.82,194.73,178.84,180.09,185.04
2024-06-27,191.66,198.31,202.56,206.94,191.26,194.20,198.08
2024-06-28,196.49,200.74,202.07,203.04,193.79,195.02,196.84
2024-07-01,201.02,201.23,202.74,208.09,189.07,197.05,200.31
2024-07-02,206.72,206.36,208.36,212.77,198.26,202.58,205.11
2024-07-03,224.39,232.18,237.16,242.28,223.93,227.37,231.91
2024-07-05,240.94,248.53,252.58,263.94,239.62,243.45,251.43
2024-07-08,246.14,,,,,,
2024-07-09,249.04,248.59,251.02,256.32,238.84,244.05,247.10
2024-07-10,255.78,260.23,264.33,270.09,251.91,255.46,260.27
2024-07-11,261.58,262.19,266.42,271.95,252.15,256.78,261.97
2024-07-12,267.93,264.41,268.24,274.93,249.51,257.25,261.38
2024-07-15,240.75,244.95,248.81,254.23,237.12,240.46,244.98
2024-07-16,260.66,,,,,,
2024-07-17,250.75,250.31,252.74,258.08,240.49,245.73,248.80
2024-07-18,254.49,254.75,256.67,263.44,239.36,249.47,253.59
2024-07-19,251.62,248.31,251.91,258.19,234.32,241.59,245.47
2024-07-22,244.63,244.88,246.73,253.23,230.09,239.80,243.76
2024-07-23,248.46,253.83,255.52,256.74,245.05,246.61,248.90
2024-07-24,251.56,244.42,248.80,254.91,236.01,240.44,244.57
2024-07-25,219.10,216.23,219.36,224.83,204.04,210.37,213.75
2024-07-26,221.38,222.78,225.24,233.54,214.48,215.98,221.91
2024-07-29,218.39,225.97,230.82,235.80,217.95,221.29,225.71
2024-07-30,230.49,233.23,236.08,241.96,222.73,230.22,232.86
2024-07-31,229.72,225.34,227.03,232.57,216.89,221.07,224.26
2024-08-01,231.48,,,,,,
2024-08-02,228.74,225.73,229.00,234.71,213.01,219.62,223.15
2024-08-05,212.97,206.73,210.41,213.62,196.79,202.00,205.93
2024-08-06,193.26,196.63,199.73,204.08,190.35,193.03,196.66
2024-08-07,196.11,202.91,207.27,211.74,195.70,198.71,202.68
2024-08-08,200.22,194.53,198.02,202.88,187.84,191.37,194.66
2024-08-09,195.06,198.46,201.59,205.97,192.11,194.82,198.49
2024-08-12,197.89,201.34,204.52,208.97,194.91,197.65,201.37
2024-08-13,196.46,197.70,199.89,207.26,190.34,191.67,196.93
2024-08-14,201.70,208.70,213.18,217.79,201.29,204.38,208.47
2024-08-15,203.91,201.23,204.14,209.23,189.89,195.78,198.93
2024-08-16,211.56,215.25,218.64,223.40,208.37,211.30,215.28
2024-08-19,216.73,213.88,216.98,222.39,201.83,208.09,211.43
2024-08-20,218.37,225.94,230.79,235.77,217.92,221.26,225.69
2024-08-21,224.50,220.21,221.87,227.28,211.95,216.04,219.16
2024-08-22,221.88,226.68,228.19,229.28,218.84,220.23,222.28
2024-08-23,221.79,215.29,219.13,222.47,204.94,210.37,214.46
2024-08-26,218.28,,,,,,
2024-08-27,215.19,214.81,216.90,221.48,206.38,210.88,213.52
2024-08-28,211.45,,,,,,
2024-08-29,207.63,204.91,207.87,213.06,193.36,199.36,202.56
2024-08-30,212.70,206.47,210.14,213.35,196.54,201.74,205.67
2024-09-03,208.56,212.19,215.54,220.23,205.41,208.30,212.22
2024-09-04,216.05,209.91,213.68,218.92,202.69,206.50,210.05
2024-09-05,216.47,223.99,228.79,233.73,216.03,219.35,223.73
2024-09-06,229.55,230.08,233.80,238.64,221.27,225.34,229.89
2024-09-09,224.42,218.04,221.96,227.41,210.54,214.50,218.18
2024-09-10,217.47,218.94,224.78,229.94,209.10,213.23,219.14
2024-09-11,223.09,223.62,227.23,231.94,215.05,219.00,223.43
2024-09-12,221.18,223.80,226.54,232.18,213.72,220.92,223.45
2024-09-13,229.15,228.74,230.97,235.85,219.77,224.56,227.37
2024-09-16,229.93,229.94,232.75,235.20,222.41,225.10,227.05
2024-09-17,226.12,228.80,231.60,237.37,218.50,225.85,228.44
2024-09-18,232.22,,,,,,
2024-09-19,228.56,236.49,241.57,246.78,228.09,231.59,236.22
2024-09-20,236.22,,,,,,
2024-09-23,240.62,241.19,245.08,250.16,231.95,236.21,240.99
2024-09-24,246.84,249.77,252.82,259.12,238.52,246.55,249.38
2024-09-25,253.44,253.70,255.61,262.35,238.37,248.44,252.54
2024-09-26,254.92,263.76,269.42,275.24,254.39,258.30,263.46
2024-09-27,258.50,,,,,,
2024-09-30,256.59,261.06,265.18,270.95,252.72,256.27,261.10
2024-10-01,262.00,263.76,270.80,277.02,251.91,256.88,264.01
2024-10-02,255.83,257.55,264.43,270.50,245.98,250.84,257.80
2024-10-03,246.21,,,,,,
2024-10-04,247.55,240.51,244.83,250.84,232.24,236.60,240.67
2024-10-07,247.31,251.61,255.58,261.14,243.57,247.00,251.65
2024-10-08,246.57,243.33,246.86,253.01,229.62,236.75,240.55
2024-10-09,243.19,243.75,247.69,252.82,234.42,238.73,243.55
2024-10-10,243.23,243.80,247.73,252.87,234.46,238.77,243.60
2024-10-11,236.34,,,,,,
2024-10-14,218.35,219.31,220.49,221.68,211.90,212.76,213.22
2024-10-15,216.61,217.12,220.62,225.19,208.80,212.64,216.94
2024-10-16,221.45,221.68,223.35,229.24,208.29,217.08,220.67
2024-10-17,221.00,225.78,227.28,228.37,217.97,219.35,221.40
2024-10-18,219.67,222.28,225.00,230.60,212.27,219.41,221.93
2024-10-21,220.26,213.81,217.62,220.94,203.53,208.92,212.98
2024-10-22,218.03,217.64,219.76,224.40,209.10,213.66,216.33
2024-10-23,216.98,218.72,218.72,218.72,212.11,212.11,212.11
2024-10-24,216.81,223.64,227.28,237.51,215.62,219.07,226.25
2024-10-25,248.57,257.20,262.72,268.39,248.07,251.87,256.91
2024-10-28,265.61,271.35,273.15,274.46,261.96,263.63,266.08
2024-10-29,269.43,264.28,266.27,272.77,254.38,259.28,263.02
2024-10-30,261.33,260.87,263.41,268.97,250.63,256.10,259.30
2024-10-31,259.26,259.53,261.48,268.37,243.85,254.14,258.34
2024-11-01,255.63,252.27,255.92,262.30,238.05,245.44,249.38
2024-11-04,251.71,244.33,248.68,252.48,232.58,238.74,243.38
2024-11-05,242.88,247.12,251.01,256.47,239.22,242.58,247.15
2024-11-06,251.22,254.20,257.31,263.72,242.76,250.93,253.81
2024-11-07,282.99,284.89,292.50,299.22,272.09,277.46,285.16
2024-11-08,292.44,297.53,302.22,308.80,288.02,292.08,297.58
2024-11-11,308.37,319.07,325.92,332.96,307.74,312.46,318.71
2024-11-12,343.31,349.29,354.80,362.52,338.13,342.89,349.34
2024-11-13,339.84,334.20,342.15,348.16,315.41,324.85,332.15
2024-11-14,336.17,330.59,338.45,344.40,312.00,321.34,328.56
2024-11-15,322.30,318.06,322.66,330.71,300.13,309.45,314.42
2024-11-18,314.16,319.63,324.67,331.74,309.42,313.77,319.68
2024-11-19,343.14,338.63,343.53,352.10,319.54,329.46,334.76
2024-11-20,339.12,346.45,348.76,350.43,334.47,336.59,339.73
2024-11-21,340.38,341.17,346.68,353.86,328.10,334.13,340.89
2024-11-22,341.99,342.78,348.32,355.54,329.65,335.71,342.50
2024-11-25,341.90,353.77,361.36,369.16,341.21,346.44,353.37
2024-11-26,354.12,,,,,,
2024-11-27,343.28,,,,,,
2024-11-29,335.40,334.80,338.06,345.20,321.67,328.68,332.79
2024-12-02,338.51,349.19,354.87,370.84,336.67,342.04,353.25
2024-12-03,355.25,355.62,358.30,367.74,334.13,348.24,353.99
2024-12-04,352.50,354.73,358.66,371.87,341.52,343.90,353.35
2024-12-05,350.61,362.78,370.56,378.56,349.89,355.26,362.37
2024-12-06,370.32,371.19,377.18,385.00,356.97,363.53,370.88
2024-12-09,373.25,385.02,391.28,408.89,371.21,377.14,389.50
2024-12-10,393.60,394.52,400.88,409.19,379.40,386.38,394.19
2024-12-11,402.65,405.36,416.18,425.74,387.14,394.79,405.74
2024-12-12,406.55,413.63,420.15,429.29,400.41,406.04,413.69
2024-12-13,421.90,422.89,429.71,438.62,406.69,414.16,422.54
2024-12-16,423.50,428.54,433.78,444.58,409.24,423.01,427.86
2024-12-17,442.26,457.61,467.43,477.52,441.36,448.13,457.09
2024-12-18,475.34,469.09,475.88,487.75,442.65,456.39,463.72
2024-12-19,468.97,460.02,463.48,474.79,442.77,451.31,457.83
2024-12-20,444.45,431.43,439.11,445.81,410.67,421.56,429.76
2024-12-23,427.04,429.75,434.51,450.52,413.74,416.63,428.07
2024-12-24,424.39,431.78,438.59,448.13,417.98,423.86,431.85
2024-12-26,446.88,462.39,472.31,482.51,445.97,452.81,461.86
2024-12-27,457.23,451.22,457.75,469.17,425.79,439.01,446.06
2024-12-30,437.75,425.31,432.94,443.57,410.67,418.39,425.58
2024-12-31,421.28,,,,,,
2025-01-02,419.54,414.03,420.03,430.50,390.69,402.82,409.29
2025-01-03,385.06,384.37,388.11,396.31,369.29,377.34,382.06
2025-01-06,386.62,400.04,408.63,417.45,385.84,391.76,399.59
2025-01-07,418.27,406.02,413.25,419.56,386.49,396.73,404.45
2025-01-08,404.91,402.30,409.13,423.19,385.39,394.00,400.82
2025-01-10,397.04,397.97,404.39,412.77,382.72,389.76,397.64
2025-01-13,391.60,380.47,387.30,396.81,367.38,374.29,380.72
2025-01-14,387.89,394.65,400.87,409.59,382.03,387.41,394.70
2025-01-15,417.34,411.85,417.81,428.23,388.64,400.70,407.14
2025-01-16,413.86,418.77,423.89,434.45,399.91,413.37,418.11
2025-01-17,416.61,419.40,430.60,440.49,400.55,408.47,419.80
2025-01-21,427.81,442.65,452.16,461.92,426.94,433.49,442.15
2025-01-22,412.49,415.10,419.70,435.16,399.64,402.43,413.48
2025-01-23,422.21,416.66,422.69,433.23,393.18,405.38,411.89
2025-01-24,415.21,418.00,429.16,439.02,399.21,407.10,418.39
2025-01-27,415.87,403.68,410.87,417.14,384.26,394.44,402.12
2025-01-28,401.50,401.51,406.43,410.70,388.36,393.06,396.46
2025-01-29,389.92,402.22,408.76,427.16,387.80,393.99,406.90
2025-01-30,393.82,406.24,412.85,431.43,391.68,397.93,410.97
2025-01-31,394.89,394.19,398.03,406.43,378.72,386.98,391.82
2025-02-03,412.04,400.34,407.52,417.53,386.56,393.83,400.59
2025-02-04,380.43,381.32,387.47,395.51,366.71,373.45,381.00
2025-02-05,385.83,388.27,392.57,407.04,373.81,376.42,386.76
2025-02-06,383.24,372.01,378.64,384.42,354.12,363.50,370.57
2025-02-07,367.69,370.16,380.05,388.77,353.52,360.51,370.51
2025-02-10,375.55,364.88,371.42,380.54,352.32,358.94,365.11
2025-02-11,356.55,346.10,352.27,357.64,329.45,338.18,344.76
2025-02-12,345.02,340.49,345.41,354.03,321.29,331.27,336.59
2025-02-13,335.00,,,,,,
2025-02-14,350.89,357.01,362.64,370.53,345.60,350.46,357.06
2025-02-18,354.97,357.22,361.18,374.48,343.91,346.31,355.83
2025-02-19,355.67,356.04,358.72,368.18,334.53,348.65,354.41
2025-02-20,362.48,363.33,369.19,376.84,349.41,355.83,363.03
2025-02-21,354.05,354.88,360.61,368.08,341.28,347.56,354.58
2025-02-24,351.40,341.11,347.18,352.48,324.70,333.30,339.79
2025-02-25,333.95,333.35,336.60,343.71,320.27,327.25,331.35
2025-02-26,315.60,315.03,318.10,324.82,302.67,309.27,313.14
2025-02-27,301.81,302.12,304.40,312.42,283.87,295.85,300.74
2025-02-28,289.37,284.57,291.34,296.46,268.57,276.60,282.82
2025-03-03,283.81,293.65,299.96,306.43,283.23,287.57,293.32
2025-03-04,297.88,289.16,294.31,298.80,275.25,282.54,288.04
2025-03-05,268.69,273.37,277.68,283.72,264.63,268.36,273.41
2025-03-06,273.56,273.07,275.72,281.55,262.35,268.07,271.42
2025-03-07,267.90,260.05,264.68,268.72,247.54,254.10,259.04
2025-03-10,262.94,255.23,259.78,263.74,242.95,249.39,254.24
2025-03-11,244.32,241.11,244.60,250.70,227.52,234.58,238.35
2025-03-12,229.12,237.06,242.15,247.38,228.65,232.16,236.80
2025-03-13,247.92,248.18,250.05,256.64,233.18,243.03,247.04
2025-03-14,240.21,245.40,247.03,248.22,236.91,238.42,240.64
2025-03-17,244.96,245.53,249.50,254.67,236.13,240.47,245.33
2025-03-18,240.64,236.65,242.28,246.53,223.34,230.02,235.20
2025-03-19,225.06,232.87,237.87,243.01,224.61,228.05,232.61
2025-03-20,231.67,235.70,239.42,244.63,228.17,231.38,235.73
2025-03-21,235.27,244.55,246.41,248.28,232.92,233.53,234.14
2025-03-24,240.38,,,,,,
2025-03-25,268.15,,,,,,
2025-03-26,274.84,283.51,288.12,301.09,273.34,277.71,286.81
2025-03-27,278.91,275.25,279.23,286.20,259.73,267.80,272.10
2025-03-28,278.02,278.31,280.40,287.79,261.49,272.53,277.03
2025-03-31,269.70,261.80,266.46,270.53,249.20,255.81,260.78
2025-04-01,247.79,252.10,256.08,261.65,244.04,247.48,252.14
2025-04-02,263.81,265.48,268.42,278.31,255.60,257.38,264.45
2025-04-03,259.87,264.39,268.56,274.40,255.94,259.54,264.43
2025-04-04,271.03,266.54,272.88,277.67,251.55,259.08,264.90
2025-04-07,250.08,246.79,250.37,256.61,232.88,240.11,243.97
2025-04-08,230.28,231.83,238.02,243.49,221.41,225.79,232.05
2025-04-09,245.12,237.94,242.18,245.88,226.50,232.50,237.02
2025-04-10,230.20,,,,,,
2025-04-11,257.27,253.89,257.56,263.99,239.58,247.02,250.98
2025-04-14,250.46,252.05,254.84,264.23,242.66,244.36,251.07
2025-04-15,257.03,249.50,253.95,257.82,237.50,243.80,248.54
2025-04-16,253.64,250.31,253.93,260.26,236.20,243.53,247.44
2025-04-17,248.79,241.50,245.80,249.55,229.88,235.98,240.57
2025-04-21,241.19,234.12,238.29,241.93,222.86,228.77,233.22
2025-04-22,228.04,228.58,232.27,237.08,219.82,223.86,228.39
2025-04-23,234.36,242.49,247.69,253.04,233.88,237.47,242.21
2025-04-24,250.05,250.30,252.19,258.83,235.18,245.11,249.16
2025-04-25,255.07,259.52,263.61,269.35,251.22,254.76,259.56
2025-04-28,266.08,,,,,,
2025-04-29,289.52,289.01,291.82,297.98,277.67,283.72,287.27
2025-04-30,283.89,287.27,290.78,298.02,274.33,283.56,286.82
2025-05-01,275.10,284.65,290.76,297.03,274.54,278.75,284.32
2025-05-02,283.67,,,,,,
2025-05-05,283.25,288.18,292.72,299.09,278.97,282.89,288.22
2025-05-06,278.69,278.19,278.90,281.09,269.85,271.37,272.50
2025-05-07,274.89,279.68,284.09,290.28,270.74,274.55,279.72
2025-05-08,275.78,285.35,291.47,297.77,275.22,279.44,285.03
2025-05-09,282.92,292.74,299.02,305.48,282.34,286.67,292.41
2025-05-12,301.49,311.95,318.65,325.53,300.87,305.49,311.60
2025-05-13,315.72,316.45,321.56,328.23,304.33,309.93,316.19
2025-05-14,321.34,332.49,339.63,346.96,320.68,325.60,332.11
2025-05-15,341.39,340.77,341.64,344.33,330.56,332.42,333.80
2025-05-16,339.30,351.07,358.60,366.35,338.60,343.80,350.67
2025-05-19,346.87,342.31,347.26,355.92,323.01,333.04,338.39
2025-05-20,338.35,350.08,357.60,365.32,337.65,342.84,349.69
2025-05-21,348.84,348.21,351.60,359.03,334.55,341.84,346.12
2025-05-22,344.84,334.74,340.70,345.90,318.63,327.08,333.44
2025-05-23,336.38,340.37,344.53,353.12,325.04,335.98,339.84
2025-05-27,336.68,342.54,347.94,355.51,331.59,336.26,342.59
2025-05-28,354.73,365.92,371.87,388.61,352.80,358.43,370.18
2025-05-29,361.68,367.98,373.78,381.91,356.21,361.23,368.03
2025-05-30,362.71,352.09,358.36,363.83,335.15,344.03,350.72
2025-06-02,358.10,353.39,358.50,367.45,333.47,343.82,349.35
2025-06-03,341.97,342.76,348.30,355.52,329.63,335.69,342.48
2025-06-04,346.86,346.24,349.61,356.99,332.66,339.91,344.16
2025-06-05,335.68,330.11,337.96,343.90,311.55,320.87,328.08
2025-06-06,316.57,312.41,316.93,324.84,294.80,303.95,308.84
2025-06-09,296.56,291.64,298.58,303.82,275.24,283.48,289.85
2025-06-10,289.62,299.67,306.10,312.71,289.03,293.46,299.33
2025-06-11,314.61,320.09,325.13,332.21,309.85,314.22,320.13
2025-06-12,331.76,322.33,328.12,336.17,311.24,317.09,322.54
2025-06-13,325.72,319.50,321.90,329.76,307.52,313.45,317.98
2025-06-16,316.49,326.47,331.78,346.71,314.77,319.79,330.27
2025-06-17,328.82,323.37,331.06,336.87,305.19,314.31,321.38
2025-06-18,323.79,314.30,319.90,324.78,299.18,307.11,313.09
2025-06-20,320.32,331.44,338.55,345.86,319.67,324.58,331.07
2025-06-23,324.92,324.34,327.50,334.41,311.61,318.41,322.39
2025-06-24,342.75,348.72,354.22,361.93,337.57,342.33,348.77
2025-06-25,345.73,346.09,348.70,357.88,325.18,338.91,344.50
2025-06-26,330.12,329.52,332.73,339.76,316.60,323.50,327.54
2025-06-27,327.75,328.52,333.82,340.74,315.94,321.75,328.25
2025-06-30,325.13,,,,,,
2025-07-01,320.61,311.22,316.76,321.59,296.25,304.10,310.01
2025-07-02,299.63,301.64,309.70,316.81,288.09,293.78,301.93
2025-07-03,309.23,314.61,319.57,326.53,304.56,308.84,314.66
2025-07-07,315.41,311.26,315.77,323.65,293.72,302.84,307.70
2025-07-08,292.27,297.36,302.05,308.62,287.86,291.91,297.40
2025-07-09,297.52,297.53,301.17,304.34,287.78,291.27,293.79
2025-07-10,297.23,299.23,307.22,314.27,285.78,291.43,299.51
2025-07-11,305.37,308.99,312.77,320.56,295.08,305.01,308.51
2025-07-14,308.62,319.33,326.19,333.23,308.00,312.72,318.97
2025-07-15,317.37,319.50,328.03,335.56,305.14,311.17,319.80
2025-07-16,318.52,312.45,314.79,322.48,300.73,306.53,310.96
2025-07-17,316.48,320.24,324.16,332.23,305.82,316.11,319.74
2025-07-18,321.93,322.26,324.69,333.25,302.79,315.57,320.79
