analysis_date,current_day_idr_midpoint,high_20_level,high_50_level,high_80_level,low_20_level,low_50_level,low_80_level
3/30/23,,,,,,,
3/31/23,195.42,196.15,199.08,203.7,187.43,191.73,195.09
4/3/23,202.72,202.31,203.91,207.23,193.79,197.53,200.57
4/4/23,195.55,198.67,201.03,206.9,189.05,193.91,196.16
4/5/23,191.56,194.62,196.93,202.68,185.2,189.96,192.16
4/6/23,185.83,185.92,187.76,191.18,177.72,180.93,183.63
4/10/23,184.43,184.17,184.72,185.13,177.46,178.44,178.63
4/11/23,186.08,187.99,190.37,195.02,180.38,184.09,185.62
4/12/23,186.03,187.86,190.28,193.9,177.41,184.48,186.84
4/13/23,181.73,183.23,186.02,187.75,176.63,178.87,181.06
4/14/23,184.49,185.64,189.9,193.03,177.55,180.51,184.46
4/17/23,186.69,186.07,188.15,190.75,178.81,181.06,184.16
4/18/23,187.1,187.81,190.61,195.03,179.46,183.58,186.8
4/19/23,181.61,181.7,183.5,186.84,173.69,176.82,179.46
4/20/23,167.24,168.62,171.19,172.78,162.54,164.6,166.62
4/21/23,165.27,165.35,166.99,170.03,158.06,160.91,163.31
4/24/23,163.8,163.65,165.42,171.19,156.38,158.36,162.1
4/25/23,159.75,162.31,164.23,169.03,154.45,158.42,160.25
4/26/23,161.74,161.59,163.34,169.03,154.41,156.37,160.06
4/27/23,154.8,154.94,157.01,158.73,149.82,151.97,153.32
4/28/23,158.25,158.92,160.61,163.32,153.04,154.89,157.04
5/1/23,163.35,165.03,167.11,171.2,158.34,161.6,162.95
5/2/23,161.98,162.14,164.3,166.1,156.78,159.02,160.44
5/3/23,160.5,163.06,165,169.82,155.17,159.16,161
5/4/23,162.58,162.85,163.92,166.65,156,159.66,160.98
5/5/23,162.16,163.16,166.91,169.66,156.06,158.66,162.13
5/8/23,170.98,172.74,174.92,179.2,165.74,169.15,170.56
5/9/23,169.96,,,,,,
5/10/23,168.41,175.35,176.72,178.1,167.01,167.48,167.96
5/11/23,169.46,170.86,173.46,175.07,164.7,166.79,168.83
5/12/23,174.14,175.93,178.15,182.51,168.8,172.27,173.71
5/15/23,169.34,169.42,171.11,174.22,161.96,164.88,167.34
5/16/23,167.1,167.38,168.48,171.28,160.34,164.1,165.46
5/17/23,168.91,169.64,171.44,174.33,163.35,165.33,167.63
5/18/23,174.82,176.62,178.85,183.23,169.47,172.95,174.4
5/19/23,178.12,177.53,179.51,181.99,170.6,172.75,175.71
5/22/23,181.44,181.27,183.23,189.62,173.21,175.41,179.56
5/23/23,187.97,,,,,,
5/24/23,183.72,183.8,185.63,189.01,175.7,178.87,181.54
5/25/23,185.64,187.56,189.92,194.57,179.95,183.66,185.19
5/26/23,185.01,186.6,188.01,189.58,180.25,182.04,183.16
5/30/23,197.35,199.38,201.9,206.83,191.3,195.24,196.87
5/31/23,199.52,199.71,202.38,204.6,193.11,195.88,197.62
6/1/23,203.14,202.47,204.73,207.55,194.57,197.02,200.39
6/2/23,209.41,211.56,214.23,219.47,202.99,207.16,208.89
6/5/23,215.1,217.31,220.06,225.44,208.51,212.8,214.57
6/6/23,218.08,218.45,219.89,223.55,209.26,214.16,215.94
6/7/23,224.49,226.79,229.66,235.27,217.6,222.08,223.93
6/8/23,223.61,227.18,229.88,236.59,216.19,221.74,224.31
6/9/23,245.49,246.54,249.16,253.36,237.41,240.28,243.62
6/12/23,248.81,249.23,250.86,255.04,238.74,244.33,246.36
6/13/23,252.75,251.9,254.72,258.23,242.07,245.12,249.32
6/14/23,263.08,265.78,269.14,275.72,255.01,260.26,262.43
6/15/23,252.06,252.18,254.68,259.32,241.06,245.41,249.07
6/16/23,255.94,258.8,259.34,261.89,251.18,251.7,255.01
6/20/23,258.06,260.58,263.94,268.97,246.1,255.91,259.17
6/21/23,277.05,279.9,283.43,290.37,268.56,274.08,276.37
6/22/23,254.93,255.05,257.58,262.27,243.8,248.2,251.9
6/23/23,260.19,261.81,267.83,272.24,250.4,254.58,260.15
6/26/23,250.75,254.76,257.79,265.31,242.43,248.66,251.54
6/27/23,244.72,246.75,250.51,252.83,237.85,240.87,243.82
6/28/23,247.98,250.53,253.69,259.9,240.38,245.32,247.37
6/29/23,259.49,262.16,265.47,271.96,251.54,256.71,258.85
6/30/23,259,,,,,,
7/3/23,278.06,277.5,279.69,284.25,265.81,270.94,275.11
7/5/23,279.47,278.65,283.87,291.93,263.25,270.82,277.35
7/6/23,280.24,281.29,285.48,292.11,268.78,274.96,279.77
7/7/23,273.88,274.91,279.01,285.48,262.69,268.72,273.43
7/10/23,273.06,277.42,280.72,288.92,264,270.78,273.92
7/11/23,270.56,,,,,,
7/12/23,271.49,274.28,277.74,284.53,263.16,268.58,270.82
7/13/23,274.62,275.09,276.9,281.5,263.51,269.69,271.92
7/14/23,277.28,276.36,279.45,283.3,265.58,268.92,273.52
7/17/23,285.69,288.62,292.27,299.42,276.93,282.63,284.98
7/18/23,291.35,290.37,293.62,297.67,279.04,282.55,287.39
7/19/23,292.55,295.56,299.29,306.61,283.58,289.42,291.83
7/20/23,282.15,282.28,285.09,290.28,269.84,274.71,278.81
7/21/23,267.2,267.33,269.98,274.9,255.54,260.15,264.03
7/24/23,256.33,,,,,,
7/25/23,273.4,272.49,275.53,279.33,261.86,265.15,269.69
7/26/23,265.11,265.23,267.87,272.75,253.55,258.12,261.97
7/27/23,269.27,268.74,270.86,275.27,257.42,262.38,266.42
7/28/23,259.76,259.89,262.47,267.25,248.43,252.92,256.69
7/31/23,266.1,268.84,272.23,278.89,257.94,263.25,265.45
8/1/23,266.2,266.47,266.47,266.47,260.25,260.25,260.25
8/2/23,253.54,257.59,260.65,268.26,245.12,251.42,254.33
8/3/23,253.74,255.83,259.74,262.15,246.62,249.74,252.8
8/4/23,262.72,261.84,264.77,268.42,251.63,254.79,259.16
8/7/23,255.5,255.62,258.15,262.86,244.35,248.76,252.47
8/8/23,249.2,249.63,251.27,255.45,239.12,244.73,246.75
8/9/23,251.63,250.8,253.6,257.1,241.01,244.04,248.22
8/10/23,243.67,245.68,249.43,251.74,236.83,239.83,242.77
8/11/23,244.26,244.38,246.81,251.3,233.61,237.82,241.37
8/14/23,238.82,238.12,242.59,249.47,224.97,231.43,237.01
8/15/23,237.34,240,240.5,242.87,232.93,233.42,236.48
8/16/23,230.69,230.8,233.1,237.34,220.63,224.61,227.96
8/17/23,227.05,228.92,232.41,234.57,220.67,223.47,226.2
8/18/23,216.82,216.93,219.08,223.07,207.37,211.11,214.25
8/21/23,221.13,223.41,226.22,231.76,214.35,218.76,220.59
8/22/23,238.66,241.12,244.16,250.14,231.35,236.11,238.08
8/23/23,236.17,236.57,238.12,242.08,226.61,231.92,233.85
8/24/23,242.16,241.35,244.05,247.41,231.94,234.85,238.87
8/25/23,231.62,232.02,233.54,237.42,222.25,227.46,229.35
8/28/23,240.68,241.71,244.28,248.4,232.76,235.58,238.85
8/29/23,238.92,242.17,245.29,251.63,232,235.74,238.16
8/30/23,253.44,256.04,259.27,265.62,245.67,250.72,252.81
8/31/23,255.72,257.92,259.87,262.03,249.13,251.62,253.16
9/1/23,256.6,259.11,262.44,267.44,244.71,254.45,257.7
9/5/23,244,247.89,250.84,258.16,235.9,241.96,244.76
9/6/23,254.84,257.47,260.72,267.09,247.03,252.12,254.22
9/7/23,247.8,248.04,251.35,254.1,239.84,243.28,245.44
9/8/23,251.03,250.19,252.98,256.47,240.43,243.45,247.62
9/11/23,261.13,263.82,267.15,273.68,253.13,258.33,260.49
9/12/23,271.36,274.15,277.61,284.4,263.04,268.45,270.69
9/13/23,268.78,271.41,274.91,280.15,256.33,266.54,269.94
9/14/23,272.43,273.45,277.53,283.97,261.29,267.29,271.97
9/15/23,277.25,278.44,281.4,286.14,268.12,271.37,275.14
9/18/23,274.07,275.77,282.11,286.76,263.76,268.16,274.03
9/19/23,266.05,266.3,269.86,272.82,257.5,261.19,263.52
9/20/23,266.42,267.42,271.41,277.71,255.53,261.4,265.98
9/21/23,261.19,261.31,263.9,268.71,249.79,254.3,258.09
9/22/23,257.68,257.44,260.23,269.3,246,249.11,255.01
9/25/23,245.07,245.19,247.62,252.13,234.38,238.61,242.16
9/26/23,245.06,244.57,246.5,250.52,234.27,238.79,242.46
9/27/23,245.59,245.33,245.33,245.33,234.58,234.58,234.58
9/28/23,239.82,239.93,242.32,246.73,229.36,233.5,236.98
9/29/23,250.2,249.37,252.15,255.63,239.64,242.65,246.81
10/2/23,252.32,252.75,254.41,258.64,242.11,247.79,249.84
10/3/23,250.54,249.71,252.5,255.98,239.97,242.99,247.15
10/4/23,244.73,248.64,251.59,258.94,236.61,242.68,245.5
10/5/23,259.97,261.09,263.86,268.31,251.42,254.46,257.99
10/6/23,256.48,258.59,262.53,264.97,249.27,252.43,255.52
10/9/23,255.85,258.48,261.74,268.15,248.01,253.11,255.22
10/10/23,259.16,258.64,260.69,264.93,247.75,252.53,256.42
10/11/23,264.99,267.26,269.28,271.52,258.16,260.73,262.33
10/12/23,263.59,263.71,266.33,271.18,252.09,256.64,260.47
10/13/23,256.8,258.52,260.55,265.12,247.26,253.95,256.51
10/16/23,248.73,248.84,251.31,255.89,237.88,242.17,245.78
10/17/23,252.83,,,,,,
10/18/23,253.28,255.89,259.12,265.45,245.52,250.57,252.66
10/19/23,231.26,231.37,233.67,237.93,221.18,225.17,228.52
10/20/23,219.19,,,,,,
10/23/23,212.11,212.21,214.32,218.22,202.86,206.52,209.6
10/24/23,215.41,217.63,220.37,225.76,208.81,213.1,214.88
10/25/23,215.07,218.51,221.11,227.56,207.94,213.28,215.75
10/26/23,207.53,207.63,209.69,213.51,198.48,202.06,205.07
10/27/23,209.44,209.64,212.43,214.76,202.71,205.61,207.44
10/30/23,210.28,210.64,212.02,215.55,201.78,206.5,208.22
10/31/23,195.03,195.12,197.06,200.65,186.52,189.89,192.72
11/1/23,201.62,203.7,206.27,211.32,195.44,199.47,201.13
11/2/23,209.27,211.42,214.09,219.33,202.85,207.03,208.76
11/3/23,216.82,225.35,225.73,226.11,216.45,217.18,217.91
11/6/23,226.03,225.28,227.79,230.93,216.49,219.21,222.96
11/7/23,217.82,217.92,220.09,224.09,208.32,212.08,215.24
11/8/23,221.38,223.65,226.48,232.01,214.59,219,220.83
11/9/23,220.26,220.48,223.42,225.87,213.19,216.24,218.17
11/10/23,207.08,210.39,212.89,219.1,200.21,205.35,207.73
11/13/23,214.77,216.98,219.72,225.09,208.19,212.47,214.24
11/14/23,227.68,228.66,231.09,234.99,220.19,222.85,225.95
11/15/23,240.67,243.15,246.21,252.24,233.29,238.09,240.08
11/16/23,241.39,241.62,244.84,247.53,233.64,236.98,239.1
11/17/23,233.7,237.43,240.25,247.27,225.94,231.75,234.43
11/20/23,234.88,237.3,240.29,246.17,227.68,232.36,234.3
11/21/23,237.05,236.57,238.44,242.33,226.61,230.98,234.53
11/22/23,241.17,242.08,245.69,251.39,231.31,236.63,240.77
11/24/23,233.28,232.6,236.96,243.69,219.75,226.07,231.51
11/27/23,236,238.65,239.14,241.5,231.62,232.1,235.15
11/28/23,236.6,236.13,237.99,241.87,226.18,230.55,234.09
11/29/23,249.84,250.91,253.58,257.86,241.62,244.54,247.94
11/30/23,246.12,247.76,249.71,254.09,236.98,243.39,245.83
12/1/23,237.59,237.7,240.06,244.43,227.23,231.33,234.77
12/4/23,238.7,238.22,240.11,244.02,228.19,232.59,236.17
12/5/23,233.84,233.96,236.28,240.58,223.64,227.68,231.07
12/6/23,241.22,241.46,244.68,247.36,233.48,236.82,238.93
12/7/23,240.48,244.32,247.22,254.44,232.5,238.47,241.23
12/8/23,243.02,242.22,244.92,248.3,232.76,235.69,239.73
12/11/23,242.69,244.2,249.81,253.93,233.56,237.46,242.65
12/12/23,240.59,241,242.58,246.61,230.85,236.27,238.22
12/13/23,235.49,235.89,237.44,241.39,225.96,231.26,233.17
12/14/23,241.51,240.71,243.39,246.75,231.31,234.22,238.23
12/15/23,253.06,254.15,256.85,261.18,244.73,247.69,251.14
12/18/23,254.32,253.47,256.3,259.84,243.58,246.65,250.87
12/19/23,252.87,256.9,259.95,267.54,244.47,250.75,253.66
12/20/23,256.19,257.16,260.99,267.05,245.72,251.36,255.77
12/21/23,250.8,252.48,254.46,258.93,241.49,248.02,250.51
12/22/23,253.7,255.88,257.81,259.95,247.16,249.62,251.16
12/26/23,254.38,254.5,257.03,261.71,243.29,247.68,251.37
12/27/23,257.3,258.41,261.15,265.56,248.84,251.84,255.34
12/28/23,263.62,263.09,265.17,269.49,252.01,256.87,260.82
12/29/23,255.34,255.47,258,262.7,244.21,248.61,252.32
1/2/24,250.42,250.54,253.03,257.63,239.5,243.82,247.45
1/3/24,246.57,246.99,248.61,252.75,236.6,242.14,244.15
1/4/24,239.99,240.21,243.42,246.09,232.28,235.6,237.7
1/5/24,237.34,237.46,239.82,244.18,226.99,231.09,234.53
1/8/24,235.28,239.04,241.88,248.94,227.47,233.31,236.02
1/9/24,239.12,238.33,240.99,244.31,229.03,231.91,235.88
1/10/24,236.02,236.25,239.4,242.02,228.44,231.71,233.78
1/11/24,235.75,235.28,237.14,241,225.37,229.72,233.25
1/12/24,222.88,222.98,225.19,229.3,213.15,217,220.23
1/16/24,214.06,217.47,220.06,226.48,206.95,212.27,214.72
1/17/24,216.13,216.95,220.18,225.29,207.3,212.06,215.78
1/18/24,217.09,219.33,222.1,227.53,210.44,214.77,216.56
1/19/24,209.9,,,,,,
1/22/24,214.78,214.06,216.45,219.44,205.71,208.29,211.86
1/23/24,209.23,,,,,,
1/24/24,211.78,211.98,214.81,217.17,204.98,207.91,209.77
1/25/24,191.75,191.84,193.75,197.27,183.39,186.69,189.48
1/26/24,183.63,186.57,188.78,194.29,177.54,182.1,184.21
1/29/24,185.38,,,,,,
1/30/24,194.31,196.31,198.79,203.65,188.35,192.23,193.83
1/31/24,185.68,188.64,190.88,196.45,179.51,184.12,186.26
2/1/24,190.39,190.12,190.68,191.11,183.19,184.2,184.4
2/2/24,188.5,,,,,,
2/5/24,185.56,186.26,189.04,193.42,177.98,182.06,185.25
2/6/24,177.95,177.43,180.75,185.88,167.62,172.44,176.6
2/7/24,186.53,188.45,190.83,195.49,180.81,184.53,186.07
2/8/24,189.45,188.82,190.93,193.56,181.45,183.73,186.88
2/9/24,190.31,192.27,194.69,199.46,184.48,188.27,189.84
2/12/24,194.44,194.05,195.58,198.77,185.87,189.46,192.38
2/13/24,187.59,187.68,189.54,192.99,179.41,182.64,185.37
2/14/24,185.72,185.9,188.38,190.45,179.76,182.33,183.95
2/15/24,189.6,191.55,193.97,198.71,183.79,187.57,189.14
2/16/24,204.09,203.69,205.3,208.64,195.11,198.87,201.93
2/20/24,196.75,196.84,198.79,202.41,188.16,191.56,194.41
2/21/24,192.31,192.5,195.07,197.21,186.14,188.8,190.49
2/22/24,197.25,197.58,198.88,202.19,189.27,193.7,195.31
2/23/24,194.98,196.65,198.14,199.79,189.96,191.85,193.03
2/26/24,190.68,193.72,196.03,201.75,184.35,189.09,191.28
2/27/24,201.28,203.36,205.92,210.96,195.11,199.13,200.79
2/28/24,200.47,200.57,202.56,206.25,191.73,195.19,198.1
2/29/24,202.01,202.21,204.91,207.15,195.53,198.33,200.09
3/1/24,201.32,200.73,204.5,210.3,189.64,195.09,199.8
3/4/24,199.82,,,,,,
3/5/24,184.38,185.62,187.08,190.36,177.54,182.34,184.17
3/6/24,183.38,183.69,184.9,187.97,175.96,180.08,181.58
3/7/24,174.75,174.91,177.25,179.19,169.13,171.55,173.08
3/8/24,180.02,180.8,182.72,185.8,174.1,176.21,178.66
3/11/24,176,178.8,180.93,186.21,170.15,174.52,176.55
3/12/24,179.5,179.67,182.06,184.06,173.73,176.22,177.79
3/13/24,177.36,176.77,178.74,181.21,169.87,172.01,174.95
3/14/24,167.94,168.02,169.69,172.78,160.62,163.52,165.95
3/15/24,163.91,165.26,167.78,169.33,159.3,161.32,163.3
3/18/24,167.68,169.4,171.54,175.73,162.53,165.88,167.26
3/19/24,174.41,173.83,175.77,178.19,167.05,169.15,172.04
3/20/24,172.91,172.33,174.25,176.66,165.61,167.69,170.56
3/21/24,177.62,177.03,179.01,181.47,170.12,172.26,175.21
3/22/24,172.29,172.37,174.08,177.25,164.77,167.75,170.25
3/25/24,169.26,169.55,170.67,173.5,162.42,166.22,167.6
3/26/24,177.28,179.11,181.37,185.81,171.85,175.39,176.85
3/27/24,179.33,179.51,181.9,183.9,173.58,176.06,177.63
3/28/24,180.34,179.73,181.74,184.25,172.72,174.89,177.89
4/1/24,177.34,177.5,179.87,181.85,171.64,174.1,175.65
4/2/24,173.11,174.18,178.19,181.12,166.59,169.37,173.08
4/3/24,165.18,165.46,166.55,169.32,158.5,162.21,163.56
4/4/24,169.48,171.22,173.38,177.63,164.28,167.66,169.06
4/5/24,172.09,171.75,173.1,175.92,164.51,167.69,170.27
4/8/24,171.16,170.59,172.5,174.87,163.93,166,168.84
4/9/24,172.63,179.42,179.72,180.02,172.33,172.91,173.5
4/10/24,177.66,178.32,180.98,185.18,170.39,174.31,177.36
4/11/24,171.06,170.56,173.76,178.69,161.14,165.77,169.77
4/12/24,173.24,173.53,174.67,177.57,166.22,170.12,171.53
4/15/24,170.59,170.08,173.27,178.19,160.69,165.31,169.29
4/16/24,159.24,159.32,160.9,163.83,152.29,155.04,157.35
4/17/24,158.75,,,,,,
4/18/24,155.75,156.01,157.03,159.64,149.44,152.95,154.21
4/19/24,147.24,148.22,149.39,152.01,141.77,145.61,147.07
4/22/24,143.31,143.37,144.8,147.43,137.05,139.53,141.61
4/23/24,142.48,142.61,144.51,146.1,137.9,139.87,141.12
4/24/24,159.78,160.47,162.17,164.91,154.52,156.39,158.57
4/25/24,161.42,162.03,164.44,168.26,154.82,158.38,161.15
4/26/24,173.16,172.58,174.51,176.92,165.85,167.94,170.81
4/29/24,178.75,180.59,182.87,187.34,173.27,176.84,178.31
4/30/24,191.1,190.92,192.99,199.72,182.44,184.75,189.12
5/1/24,181.12,181.21,183,186.34,173.22,176.34,178.97
5/2/24,184.3,183.69,185.74,188.3,176.52,178.74,181.8
5/3/24,179.66,,,,,,
5/6/24,183.34,183.65,184.86,187.93,175.92,180.04,181.54
5/7/24,183.91,183.38,186.81,192.11,173.24,178.22,182.52
5/8/24,176.91,176.99,178.75,182,169.19,172.24,174.81
5/9/24,173.15,173.44,174.58,177.49,166.14,170.04,171.45
5/10/24,173.72,173.09,173.09,173.09,167.75,167.75,167.75
5/13/24,169.13,171.44,173.64,178.14,164.23,166.89,168.6
5/14/24,172.11,172.27,174.57,176.49,166.58,168.97,170.47
5/15/24,178.51,178.16,179.57,182.49,170.66,173.95,176.62
5/16/24,174.57,174.86,176.01,178.94,167.51,171.43,172.85
5/17/24,174.77,176.57,178.8,183.17,169.42,172.9,174.35
5/20/24,178.01,178.77,180.67,183.72,172.15,174.24,176.66
5/21/24,174.06,173.55,176.8,181.82,163.96,168.67,172.74
5/22/24,183.91,183.29,185.34,187.9,176.14,178.36,181.41
5/23/24,181.21,182.98,185.34,188.87,172.81,179.69,181.99
5/24/24,174.56,174.65,176.38,179.59,166.95,169.96,172.5
5/28/24,178.84,178.24,180.24,182.72,171.29,173.44,176.41
5/29/24,174.88,175.54,178.16,182.3,167.74,171.59,174.6
5/30/24,175.41,177.13,179.41,182.83,167.28,173.95,176.17
5/31/24,177.89,179.59,180.32,181.06,174.29,175.01,175.35
6/3/24,178.4,179.51,183.64,186.66,171.69,174.56,178.37
6/4/24,176.3,177.48,178.87,182.02,169.75,174.35,176.1
6/5/24,175.46,176.12,178.75,182.89,168.29,172.15,175.17
6/6/24,174.75,174.16,176.11,178.54,167.37,169.47,172.37
6/7/24,177.66,177.06,179.04,181.51,170.15,172.29,175.24
6/10/24,177.2,177.29,179.05,182.31,169.48,172.53,175.1
6/11/24,173.98,175.14,176.52,179.62,167.52,172.05,173.78
6/12/24,169.83,170.89,174.82,177.7,163.45,166.18,169.81
6/13/24,188.51,189.33,191.34,194.57,182.31,184.52,187.08
6/14/24,184.24,186.74,189.14,194.04,178.9,181.78,183.65
6/17/24,178.62,178.1,181.43,186.58,168.25,173.09,177.26
6/18/24,188.47,187.84,189.94,192.55,180.51,182.78,185.91
6/20/24,185.31,185.05,185.6,186.01,178.31,179.29,179.48
6/21/24,180.86,,,,,,
6/24/24,182.69,183.82,188.05,191.15,175.82,178.75,182.66
6/25/24,183.17,184.39,185.84,189.1,176.36,181.13,182.95
6/26/24,187.33,187.16,189.18,195.78,178.84,181.11,185.39
6/27/24,194.98,196.99,199.47,204.35,189,192.89,194.5
6/28/24,198.15,199.85,201.36,203.03,193.04,194.97,196.16
7/1/24,198.94,200.89,203.48,207.35,189.72,197.28,199.8
7/2/24,208.17,208.52,209.89,213.38,199.74,204.42,206.12
7/3/24,235.7,238.13,241.14,247.03,228.48,233.18,235.13
7/5/24,251.2,252.28,254.96,259.26,242.94,245.87,249.29
7/8/24,248.59,,,,,,
7/9/24,252.12,252.55,254.21,258.44,241.92,247.59,249.64
7/10/24,264.42,263.54,266.49,270.16,253.26,256.45,260.84
7/11/24,261.79,262.78,266.69,272.88,251.09,256.86,261.36
7/12/24,236.28,240.06,242.91,250,228.44,234.31,237.02
7/15/24,260.17,259.3,262.2,265.82,249.19,252.32,256.64
7/16/24,256.12,,,,,,
7/17/24,252.56,252.99,254.65,258.89,242.34,248.02,250.08
7/18/24,251.36,253.81,257.08,261.98,239.71,249.26,252.44
7/19/24,247.17,251.12,254.1,261.52,238.97,245.1,247.94
7/22/24,242.12,244.48,247.63,252.35,230.9,240.1,243.16
7/23/24,251.5,253.66,255.57,257.7,245.02,247.46,248.98
7/24/24,228.36,230.25,233.76,235.93,221.95,224.76,227.51
7/25/24,211.93,215.31,217.87,224.23,204.9,210.16,212.59
7/26/24,224.68,224.47,226.9,234.81,214.5,217.22,222.35
7/29/24,221.79,224.07,226.9,232.45,214.99,219.41,221.25
7/30/24,234.89,234.42,236.28,240.13,224.55,228.88,232.41
7/31/24,225.31,226.81,228.59,232.61,216.94,222.81,225.05
8/1/24,231.38,,,,,,
8/2/24,214.69,218.12,220.71,227.16,207.57,212.9,215.37
8/5/24,195.83,195.92,197.87,201.47,187.29,190.67,193.51
8/6/24,202.98,202.3,204.56,207.38,194.41,196.86,200.23
8/7/24,200.59,202.65,205.21,210.23,194.44,198.44,200.09
8/8/24,191.83,193.41,196.36,198.19,186.44,188.81,191.12
8/9/24,201.37,200.7,202.94,205.74,192.87,195.29,198.64
8/12/24,201.24,200.56,202.81,205.6,192.74,195.16,198.5
8/13/24,198.23,198.05,200.19,207.17,189.25,191.64,196.18
8/14/24,206.49,208.61,211.24,216.41,200.16,204.27,205.98
8/15/24,201.09,204.29,206.72,212.76,194.41,199.4,201.71
8/16/24,215.52,214.8,217.2,220.2,206.42,209.02,212.6
8/19/24,212.96,216.36,218.93,225.32,205.89,211.18,213.63
8/20/24,223.39,225.69,228.54,234.13,216.54,221,222.84
8/21/24,220.88,222.35,224.1,228.04,212.67,218.43,220.62
8/22/24,223.6,225.52,227.22,229.11,217.84,220.01,221.36
8/23/24,213.57,213.67,215.79,219.72,204.25,207.94,211.04
8/26/24,220.09,,,,,,
8/27/24,214.68,215.04,216.46,220.06,205.99,210.82,212.57
8/28/24,208.94,,,,,,
8/29/24,205.62,208.9,211.39,217.56,198.8,203.9,206.26
8/30/24,209.41,209.51,211.59,215.44,200.28,203.89,206.93
9/3/24,216.99,216.27,218.68,221.7,207.83,210.44,214.05
9/4/24,208.28,210,213.21,215.19,202.44,205,207.51
9/5/24,223.91,226.21,229.07,234.67,217.05,221.51,223.36
9/6/24,226.23,227.08,230.46,235.81,216.98,221.96,225.85
9/9/24,214.79,216.57,219.87,221.91,208.76,211.41,214
9/10/24,217.42,218.77,223.8,227.49,209.24,212.73,217.39
9/11/24,224.22,225.07,228.42,233.72,215.06,220,223.85
9/12/24,226.93,226.48,228.27,231.99,216.94,221.12,224.53
9/13/24,229.52,229.91,231.42,235.27,220.23,225.39,227.26
9/16/24,230.76,230.98,234.06,236.63,223.35,226.55,228.57
9/17/24,227.92,227.46,229.26,232.99,217.88,222.08,225.5
9/18/24,228.11,,,,,,
9/19/24,232.97,235.37,238.34,244.17,225.83,230.48,232.4
9/20/24,242.51,,,,,,
9/23/24,240.52,241.43,245.03,250.71,230.69,235.99,240.12
9/24/24,254.12,253.61,255.61,259.78,242.93,247.61,251.42
9/25/24,251.37,253.82,257.1,261.99,239.72,249.27,252.45
9/26/24,260.28,262.96,266.28,272.79,252.3,257.49,259.64
9/27/24,255.43,,,,,,
9/30/24,261.51,260.64,263.56,267.19,250.47,253.62,257.97
10/1/24,261.82,263.45,269.51,273.95,251.98,256.18,261.79
10/2/24,255.82,257.41,263.33,267.66,246.2,250.31,255.78
10/3/24,245.48,,,,,,
10/4/24,243.55,245.56,249.3,251.61,236.71,239.71,242.64
10/7/24,251.25,250.41,253.21,256.7,240.64,243.66,247.84
10/8/24,241.54,245.4,248.31,255.56,233.52,239.52,242.3
10/9/24,243.34,244.26,247.9,253.65,233.39,238.76,242.94
10/10/24,242.63,243.55,247.17,252.91,232.71,238.06,242.23
10/11/24,225.07,,,,,,
10/14/24,221.02,220.72,221.37,221.86,212.67,213.84,214.07
10/15/24,217.56,218.38,221.64,226.78,208.67,213.46,217.2
10/16/24,220.14,222.3,225.16,229.45,209.94,218.31,221.09
10/17/24,221.78,223.68,225.37,227.24,216.06,218.21,219.55
10/18/24,221.39,220.95,222.7,226.33,211.65,215.73,219.05
10/21/24,219.24,219.34,221.52,225.55,209.67,213.45,216.64
10/22/24,217.69,218.06,219.49,223.14,208.88,213.78,215.55
10/23/24,216.76,218.72,218.72,218.72,212.11,212.11,212.11
10/24/24,237.95,238.97,241.51,245.59,230.12,232.9,236.14
10/25/24,254.78,257.41,260.65,267.03,246.97,252.06,254.16
10/28/24,269.36,271.66,273.72,275.99,262.41,265.03,266.66
10/29/24,261.51,263.26,265.33,269.99,251.8,258.62,261.22
10/30/24,261.44,261.88,263.6,267.98,250.86,256.74,258.86
10/31/24,255.92,258.42,261.75,266.74,244.06,253.78,257.02
11/1/24,251.11,255.12,258.15,265.69,242.78,249.01,251.9
11/4/24,245.87,245.98,248.42,252.95,235.14,239.38,242.95
11/5/24,248.88,248.06,250.83,254.29,238.38,241.38,245.51
11/6/24,283.71,283.14,285.38,290.03,271.22,276.45,280.71
11/7/24,286.84,288.62,295.25,300.11,276.04,280.65,286.79
11/8/24,299.5,298.5,301.83,305.99,286.85,290.46,295.43
11/11/24,338.71,342.19,346.51,354.98,328.32,335.08,337.87
11/12/24,354.75,353.57,357.52,362.45,339.78,344.05,349.94
11/13/24,336.19,335.2,341.48,351.17,316.68,325.78,333.63
11/14/24,330.65,329.68,335.86,345.39,311.46,320.42,328.14
11/15/24,306.31,311.2,314.9,324.09,296.14,303.75,307.27
11/18/24,345.93,344.78,348.63,353.44,331.33,335.49,341.24
11/19/24,334.79,340.13,344.18,354.22,323.68,331.99,335.84
11/20/24,344.05,347,349.62,352.52,335.18,338.52,340.6
11/21/24,338.11,339.38,344.44,352.43,324.29,331.74,337.55
11/22/24,338.92,340.19,345.26,353.28,325.06,332.53,338.35
11/25/24,359.43,363.13,367.71,376.7,348.41,355.58,358.55
11/26/24,339.65,,,,,,
11/27/24,340.06,,,,,,
11/29/24,337.4,337.97,340.19,345.85,323.75,331.33,334.08
12/2/24,350.65,352.16,355.9,361.91,339.12,343.22,347.99
12/3/24,352.19,355.64,360.22,367.09,335.88,349.26,353.71
12/4/24,354.59,354.26,358.1,370.58,338.52,342.81,350.92
12/5/24,356,359.66,364.2,373.1,345.08,352.18,355.12
12/6/24,372.14,373.54,379.11,387.91,356.93,365.13,371.52
12/9/24,397.62,399.32,403.57,410.38,384.53,389.18,394.59
12/10/24,392.44,393.93,399.8,409.07,376.4,385.05,391.8
12/11/24,406.08,408.6,418,424.88,390.8,397.33,406.02
12/12/24,427.66,426.24,431,436.94,409.6,414.76,421.86
12/13/24,422.29,423.89,430.21,440.19,405.03,414.34,421.6
12/16/24,439.52,438.64,442.11,449.32,420.17,428.28,434.87
12/17/24,473.79,478.67,484.71,496.57,459.27,468.72,472.63
12/18/24,463.11,470.5,476.09,489.99,447.73,459.23,464.55
12/19/24,452.3,455.32,458.9,466.96,435.5,447.29,451.78
12/20/24,416.64,416.84,420.98,428.64,398.47,405.65,411.7
12/23/24,434.5,434.1,438.8,454.1,414.81,420.06,430
12/24/24,435.84,434.38,439.24,445.29,417.43,422.69,429.92
12/26/24,460.44,465.17,471.04,482.56,446.32,455.5,459.31
12/27/24,448.02,455.17,460.58,474.03,433.15,444.28,449.42
12/30/24,423.37,426.87,433.37,437.4,411.48,416.7,421.8
12/31/24,420.3,,,,,,
1/2/25,409.47,416,420.95,433.23,395.87,406.04,410.75
1/3/25,384.91,385.56,388.09,394.55,369.33,377.99,381.12
1/6/25,416.12,420.4,425.71,436.12,403.36,411.66,415.1
1/7/25,410.49,410.68,414.76,422.31,392.58,399.66,405.62
1/8/25,396.05,401.43,406.6,417.12,384.57,390.78,394.78
1/10/25,395.67,397.16,403.08,412.44,379.5,388.22,395.02
1/13/25,383.02,386.19,392.07,395.71,372.27,376.99,381.6
1/14/25,413.54,412.17,416.77,422.52,396.09,401.07,407.93
1/15/25,397.34,403.68,408.48,420.4,384.15,394.02,398.58
1/16/25,424.5,423.65,427,433.96,405.81,413.64,420
1/17/25,417.69,420.29,429.95,437.03,401.98,408.69,417.63
1/21/25,434.11,438.58,444.11,454.97,420.8,429.46,433.05
1/22/25,419.27,418.89,423.42,438.18,400.27,405.34,414.93
1/23/25,411.46,418.03,423,435.34,397.8,408.02,412.75
1/24/25,415.42,418,427.61,434.65,399.79,406.47,415.36
1/27/25,394.07,394.26,398.18,405.43,376.88,383.68,389.4
1/28/25,399.84,400.22,405.56,410.01,387,392.54,396.04
1/29/25,396.4,398.11,402.34,409.13,383.36,388,393.39
1/30/25,400.22,401.94,406.21,413.06,387.05,391.73,397.18
1/31/25,401.09,401.77,404.41,411.13,384.86,393.88,397.14
2/3/25,392.39,395.63,401.67,405.39,381.38,386.21,390.94
2/4/25,381.43,382.86,388.57,397.59,365.83,374.24,380.79
2/5/25,388.43,388.07,392.27,405.94,370.82,375.52,384.4
2/6/25,374.62,374.8,378.52,385.41,358.28,364.74,370.18
2/7/25,369.69,371.99,380.54,386.81,355.78,361.72,369.64
2/10/25,357.05,360,365.49,368.88,347.03,351.42,355.73
2/11/25,349.01,349.17,352.64,359.06,333.79,339.81,344.87
2/12/25,322.57,327.72,331.61,341.29,311.86,319.87,323.58
2/13/25,344.03,,,,,,
2/14/25,362.88,361.67,365.71,370.75,347.56,351.93,357.96
2/18/25,359.62,359.29,363.18,375.84,343.32,347.67,355.89
2/19/25,353.54,357,361.6,368.49,337.16,350.59,355.06
2/20/25,359.24,360.59,365.96,374.46,344.55,352.47,358.64
2/21/25,353.13,354.47,359.75,368.1,338.7,346.48,352.55
2/24/25,339.6,339.75,343.13,349.38,324.78,330.64,335.57
2/25/25,330.9,331.46,333.64,339.19,317.51,324.95,327.65
2/26/25,309.28,309.8,311.84,317.02,296.76,303.72,306.24
2/27/25,294.34,297.22,301.05,306.79,280.7,291.89,295.61
2/28/25,282.47,281.64,286.92,295.06,266.08,273.73,280.32
3/3/25,296.73,299.78,303.57,310.99,287.63,293.55,296
3/4/25,284.26,284.39,287.22,292.45,271.86,276.77,280.89
3/5/25,279.96,279.02,282.14,286.03,268.14,271.51,276.16
3/6/25,274.42,274.88,276.69,281.29,263.31,269.49,271.72
3/7/25,263.35,263.47,266.09,270.94,251.86,256.41,260.23
3/10/25,255.38,255.5,258.03,262.73,244.24,248.64,252.35
3/11/25,228.11,231.75,234.5,241.35,220.53,226.2,228.82
3/12/25,237.07,239.51,242.54,248.47,229.81,234.54,236.49
3/13/25,244.52,246.92,250.1,254.86,233.19,242.49,245.58
3/14/25,244,246.09,247.95,250.01,237.71,240.07,241.55
3/17/25,245.75,246.68,250.35,256.16,235.71,241.12,245.34
3/18/25,236.66,235.96,240.38,247.21,222.92,229.33,234.86
3/19/25,229.97,232.34,235.27,241.02,222.92,227.51,229.41
3/20/25,240.46,239.66,242.34,245.68,230.31,233.21,237.2
3/21/25,234.74,244.41,246.33,248.24,232.79,233.45,234.11
3/24/25,258.33,,,,,,
3/25/25,278.63,,,,,,
3/26/25,283.88,285.1,288.13,293,274.55,277.87,281.73
3/27/25,267.71,271.98,275.21,283.24,258.82,265.47,268.54
3/28/25,275.03,277.73,281.3,286.66,262.29,272.74,276.22
3/31/25,253.28,253.4,255.92,260.58,242.23,246.6,250.28
4/1/25,269.44,268.54,271.54,275.29,258.06,261.31,265.78
4/2/25,265.31,265.07,267.94,277.28,253.29,256.5,262.56
4/3/25,272.78,271.87,274.91,278.7,261.26,264.55,269.08
4/4/25,267.4,266.62,271.61,279.32,251.88,259.12,265.37
4/7/25,220.75,224.28,226.94,233.57,213.43,218.91,221.45
4/8/25,238.03,239.5,245.01,249.04,229.07,232.9,237.99
4/9/25,228.51,228.62,230.89,235.1,218.55,222.49,225.81
4/10/25,261.29,,,,,,
4/11/25,249.84,253.83,256.85,264.35,241.55,247.76,250.63
4/14/25,256.36,256.12,258.9,267.92,244.74,247.84,253.7
4/15/25,253.11,253.22,255.74,260.4,242.06,246.43,250.1
4/16/25,247.44,251.39,254.38,261.81,239.23,245.38,248.22
4/17/25,244.44,244.55,246.98,251.48,233.77,237.99,241.54
4/21/25,234.24,234.35,236.68,240.99,224.02,228.06,231.46
4/22/25,228.72,229.58,233,238.41,219.37,224.41,228.34
4/23/25,251.97,254.56,257.78,264.08,244.25,249.27,251.35
4/24/25,246.72,249.14,252.35,257.16,235.29,244.67,247.79
4/25/25,264.18,263.3,266.24,269.91,253.03,256.21,260.6
4/28/25,288.41,,,,,,
4/29/25,288.84,289.32,291.22,296.07,277.15,283.64,285.99
4/30/25,288.7,288.13,290.4,295.14,275.99,281.32,285.65
5/1/25,282.07,284.98,288.57,295.63,273.43,279.05,281.38
5/2/25,281.62,,,,,,
5/5/25,286.71,285.75,288.95,292.93,274.61,278.06,282.82
5/6/25,275.85,278.48,279.61,280.76,270.27,271.37,271.9
5/7/25,278.86,277.93,281.03,284.91,267.08,270.44,275.07
5/8/25,279.39,282.26,285.83,292.82,270.83,276.4,278.7
5/9/25,287.23,290.19,293.85,301.03,278.42,284.15,286.53
5/12/25,319.43,322.72,326.79,334.79,309.64,316.01,318.65
5/13/25,314.56,315.74,320.45,327.88,301.7,308.63,314.03
5/14/25,339.76,343.26,347.59,356.09,329.35,336.13,338.93
5/15/25,339.14,342.37,343.77,345.18,332.28,333.64,334.29
5/16/25,345.08,348.63,353.03,361.66,334.5,341.38,344.23
5/19/25,334.87,340.22,344.26,354.31,323.76,332.07,335.92
5/20/25,343.58,347.11,351.49,360.09,333.04,339.9,342.73
5/21/25,346.12,346.7,348.98,354.79,332.11,339.9,342.72
5/22/25,336.5,336.66,340.01,346.2,321.83,327.63,332.52
5/23/25,343.36,342.67,345.38,351,328.24,334.57,339.72
5/27/25,348.65,347.49,351.38,356.22,333.94,338.14,343.92
5/28/25,363.61,365.17,369.05,375.28,351.65,355.9,360.85
5/29/25,367.06,365.84,369.93,375.03,351.57,355.99,362.08
5/30/25,355.66,355.83,359.36,365.91,340.15,346.28,351.44
6/2/25,339.96,345.39,349.49,359.69,328.68,337.12,341.02
6/3/25,341.09,342.38,347.48,355.54,327.15,334.66,340.53
6/4/25,346.98,347.57,349.85,355.67,332.94,340.74,343.57
6/5/25,327.78,326.82,332.94,342.39,308.76,317.64,325.29
6/6/25,297.79,302.54,306.14,315.08,287.91,295.3,298.72
6/9/25,290.72,289.86,295.29,303.68,273.84,281.72,288.51
6/10/25,314.78,318.02,322.04,329.91,305.14,311.41,314.01
6/11/25,334.48,333.36,337.08,341.73,320.35,324.38,329.94
6/12/25,321.94,324.6,329.55,332.61,312.91,316.87,320.75
6/13/25,311.1,313.18,315.64,321.18,299.55,307.65,310.74
6/16/25,331.47,332.89,336.43,342.11,320.57,324.44,328.95
6/17/25,327.31,326.35,332.47,341.91,308.32,317.19,324.83
6/18/25,319.56,319.71,322.88,328.76,305.62,311.13,315.77
6/20/25,326.43,329.79,333.95,342.12,316.42,322.93,325.63
6/23/25,327.14,327.69,329.85,335.33,313.9,321.26,323.92
6/24/25,357.79,356.6,360.59,365.56,342.69,347,352.94
6/25/25,341.15,344.49,348.93,355.58,325.34,338.3,342.62
6/26/25,328.51,329.06,331.23,336.74,315.22,322.6,325.28
6/27/25,326.86,328.09,332.98,340.71,313.5,320.7,326.32
6/30/25,321.62,,,,,,
7/1/25,303.06,303.21,306.22,311.8,289.84,295.07,299.47
7/2/25,303.88,305.77,312.8,317.95,292.45,297.34,303.84
7/3/25,319.17,318.11,321.67,326.1,305.7,309.54,314.84
7/7/25,293.36,298.04,301.58,310.38,283.62,290.9,294.27
7/8/25,298.05,297.06,300.38,304.52,285.47,289.06,294.01
7/9/25,298.35,298.64,302.62,305.94,288.77,292.9,295.51
7/10/25,298.02,299.87,306.77,311.82,286.81,291.6,297.98
7/11/25,308.53,307.91,310.35,315.4,294.95,300.63,305.26
7/14/25,316.05,319.31,323.34,331.24,306.37,312.67,315.28
7/15/25,317.98,319.95,327.31,332.7,306.01,311.12,317.93
7/16/25,309.53,311.6,314.05,319.57,298.04,306.1,309.18
7/17/25,322.38,321.74,324.28,329.57,308.19,314.14,318.97
7/18/25,320.24,323.37,327.54,333.78,305.4,317.56,321.62